{
  "experiment": "exp06_latefusion",
  "description": "Late Fusion: Multi-View Score Aggregation using EXP03 backbone",
  "backbone": "dinov2_vitb14",
  "embed_dim": 512,
  "img_size": 518,
  "fusion_ks": [
    2,
    3,
    5
  ],
  "best_method": "fusion_K3_max",
  "best_R@1": 0.028314028314028315,
  "all_results": {
    "single_image": {
      "R@1": 0.021021021021021023,
      "R@5": 0.07078507078507079,
      "R@10": 0.11411411411411411,
      "R@1%": 0.4521664521664522,
      "AP": 0.02267835143747034
    },
    "fusion_K2_max": {
      "R@1": 0.02574002574002574,
      "R@5": 0.1093951093951094,
      "R@10": 0.18532818532818532,
      "R@1%": 0.3204633204633205
    },
    "fusion_K2_mean": {
      "R@1": 0.02445302445302445,
      "R@5": 0.10553410553410554,
      "R@10": 0.16087516087516088,
      "R@1%": 0.2857142857142857
    },
    "fusion_K2_feat_avg": {
      "R@1": 0.02445302445302445,
      "R@5": 0.10553410553410554,
      "R@10": 0.16087516087516088,
      "R@1%": 0.2857142857142857
    },
    "fusion_K3_max": {
      "R@1": 0.028314028314028315,
      "R@5": 0.1093951093951094,
      "R@10": 0.18275418275418276,
      "R@1%": 0.31145431145431146
    },
    "fusion_K3_mean": {
      "R@1": 0.02445302445302445,
      "R@5": 0.10296010296010295,
      "R@10": 0.16859716859716858,
      "R@1%": 0.2882882882882883
    },
    "fusion_K3_feat_avg": {
      "R@1": 0.02445302445302445,
      "R@5": 0.10296010296010295,
      "R@10": 0.16859716859716858,
      "R@1%": 0.2882882882882883
    },
    "fusion_K5_max": {
      "R@1": 0.028314028314028315,
      "R@5": 0.1093951093951094,
      "R@10": 0.18275418275418276,
      "R@1%": 0.31145431145431146
    },
    "fusion_K5_mean": {
      "R@1": 0.02574002574002574,
      "R@5": 0.10296010296010295,
      "R@10": 0.16731016731016732,
      "R@1%": 0.28957528957528955
    },
    "fusion_K5_feat_avg": {
      "R@1": 0.02574002574002574,
      "R@5": 0.10296010296010295,
      "R@10": 0.16731016731016732,
      "R@1%": 0.28957528957528955
    },
    "tta_flip": {
      "R@1": 0.022737022737022737,
      "R@5": 0.07722007722007722,
      "R@10": 0.12226512226512226,
      "R@1%": 0.459030459030459,
      "AP": 0.02368424090987846
    }
  },
  "timing": {
    "query_extract_s": 21.03,
    "gallery_extract_s": 138.0,
    "n_queries": 2331,
    "n_gallery": 18198,
    "n_query_locations": 777,
    "n_gallery_locations": 3033
  }
}